,City,Latitude,Longitude,Max temperature,Humidity,Cloudiness,Wind Speed,Country,Date
0,Bredasdorp,-34.53,20.04,48.2,93,0,4.7,ZA,1593572642
1,Atuona,-9.8,-139.03,79.83,74,3,21.74,PF,1593572377
2,Qandala,11.47,49.87,91.29,48,100,9.57,SO,1593572539
3,Ancud,-41.87,-73.82,50.0,100,90,12.75,CL,1593572528
4,Hermanus,-34.42,19.23,59.45,65,0,3.47,ZA,1593572366
5,Ilulissat,69.22,-51.1,44.6,75,100,2.24,GL,1593572644
6,Port Alfred,-33.59,26.89,52.0,90,0,9.51,ZA,1593572366
7,Ostrovnoy,68.05,39.51,56.17,66,100,18.59,RU,1593572644
8,Butaritari,3.07,172.79,83.35,71,0,6.96,KI,1593572645
9,New Norfolk,-42.78,147.06,51.01,75,25,3.09,AU,1593572645
10,Shimoda,34.67,138.95,75.2,94,75,25.28,JP,1593572450
11,Alyangula,-13.85,136.42,84.2,51,40,11.41,AU,1593572378
12,Busselton,-33.65,115.33,55.0,84,72,3.0,AU,1593572477
13,Cape Town,-33.93,18.42,46.99,100,0,2.24,ZA,1593572646
14,Karera,25.47,78.15,94.44,45,49,7.85,IN,1593572647
15,Kapaa,22.08,-159.32,84.2,66,1,10.29,US,1593572647
16,Upernavik,72.79,-56.15,38.16,77,27,11.34,GL,1593572647
17,Catalina,32.51,-110.92,91.99,15,0,1.99,US,1593572648
18,Mataura,-46.19,168.86,39.0,83,100,3.0,NZ,1593572648
19,Kutum,14.2,24.67,71.78,69,68,18.95,SD,1593572648
20,Avarua,-21.21,-159.78,78.8,69,39,17.22,CK,1593572377
21,Khilok,51.37,110.47,72.1,56,87,3.85,RU,1593572649
22,Cabra,37.47,-4.44,71.01,62,0,1.52,ES,1593572514
23,Albany,42.6,-73.97,64.99,92,98,2.44,US,1593572650
24,Longyearbyen,78.22,15.64,44.6,56,100,13.87,SJ,1593572505
25,Quatre Cocos,-20.21,57.76,66.99,93,40,4.7,MU,1593572651
26,Ongandjera,-17.88,15.07,52.79,38,0,8.75,NA,1593572651
27,Kars,40.6,43.09,48.2,93,40,4.7,TR,1593572492
28,Husavik,66.04,-17.34,44.6,75,0,1.12,IS,1593572652
29,São José da Coroa Grande,-8.9,-35.15,75.33,83,4,7.09,BR,1593572652
30,Bousso,10.48,16.71,73.83,91,100,2.57,TD,1593572653
31,Bambous Virieux,-20.34,57.76,66.99,93,40,4.7,MU,1593572653
32,Pisco,-13.7,-76.22,62.6,82,75,2.24,PE,1593572653
33,Punta Arenas,-53.15,-70.92,24.8,85,2,4.7,CL,1593572528
34,Jumilla,38.48,-1.32,72.0,75,0,1.01,ES,1593572654
35,Santander,43.46,-3.8,66.0,93,3,5.82,ES,1593572486
36,Vaini,-21.2,-175.2,75.2,73,75,10.29,TO,1593572377
37,Iwanai,42.97,140.51,73.62,69,62,5.5,JP,1593572516
38,Sechura,-5.56,-80.82,64.85,79,0,13.78,PE,1593572534
39,Rikitea,-23.12,-134.97,69.28,64,32,19.93,PF,1593572377
40,Chui,-33.7,-53.46,56.14,92,100,12.57,UY,1593572656
41,Ushuaia,-54.8,-68.3,26.6,79,0,8.05,AR,1593572377
42,Muisne,0.6,-80.03,74.88,88,93,9.15,EC,1593572658
43,Zhirnovsk,50.98,44.77,60.3,75,100,7.87,RU,1593572542
44,Hilo,19.73,-155.09,84.2,48,40,6.93,US,1593572461
45,Sola,-13.88,167.55,77.29,80,99,27.09,VU,1593572659
46,Bandarbeyla,9.49,50.81,83.03,61,84,31.65,SO,1593572660
47,Suntar,62.14,117.63,87.53,32,0,4.52,RU,1593572660
48,Arrondissement de Vannes,47.83,-2.5,64.0,100,90,9.17,FR,1593572660
49,Puerto Ayora,-0.74,-90.35,70.0,91,75,5.99,EC,1593572661
50,Souillac,-20.52,57.52,62.6,93,40,4.7,MU,1593572662
51,Hurghada,27.26,33.81,82.4,37,0,19.46,EG,1593572664
52,Zyryanka,65.75,150.85,65.35,31,58,9.66,RU,1593572523
53,Tuktoyaktuk,69.45,-133.04,48.2,93,90,14.99,CA,1593572664
54,Camapuã,-19.53,-54.04,73.42,56,67,3.58,BR,1593572665
55,Port Elizabeth,-33.92,25.57,50.0,93,0,5.82,ZA,1593572665
56,Dalby,-27.18,151.27,66.2,48,75,3.36,AU,1593572665
57,Castro,-24.79,-50.01,59.23,93,86,11.1,BR,1593572666
58,Chumikan,54.72,135.31,46.78,96,100,2.13,RU,1593572666
59,Norman Wells,65.28,-126.83,60.8,77,75,16.11,CA,1593572667
60,Qaanaaq,77.48,-69.36,37.99,76,0,2.26,GL,1593572668
61,Hirara,24.8,125.28,89.6,75,75,23.04,JP,1593572669
62,Port Hedland,-20.32,118.57,82.4,32,91,4.7,AU,1593572378
63,Boa Vista,2.82,-60.67,78.8,83,20,1.12,BR,1593572670
64,Cherskiy,68.75,161.3,56.03,50,68,16.75,RU,1593572529
65,Hasaki,35.73,140.83,79.0,83,75,17.22,JP,1593572418
66,Yanam,16.73,82.22,84.2,83,40,5.82,IN,1593572429
67,Dingle,11.0,122.67,88.25,61,61,4.79,PH,1593572671
68,Bluff,-46.6,168.33,39.0,83,100,3.0,NZ,1593572378
69,Saint-Philippe,-21.36,55.77,66.2,48,0,9.17,RE,1593572672
70,Hūn,29.13,15.95,72.12,43,0,4.29,LY,1593572520
71,Avera,33.19,-82.53,82.4,61,1,6.93,US,1593572673
72,Denpasar,-8.65,115.22,82.4,88,40,14.99,ID,1593572394
73,Ternate,0.8,127.4,82.17,76,99,9.06,ID,1593572380
74,Praia da Vitória,38.73,-27.07,64.4,93,75,5.86,PT,1593572674
75,Pucallpa,-8.38,-74.55,74.23,80,0,1.34,PE,1593572545
76,Kaitangata,-46.28,169.85,46.0,67,100,11.01,NZ,1593572675
77,Mareeba,-17.0,145.43,73.4,83,75,13.87,AU,1593572404
78,Kendari,-3.94,122.5,84.4,64,17,2.8,ID,1593572424
79,Grindavik,63.84,-22.43,46.4,100,90,8.05,IS,1593572676
80,Hyderabad,17.38,78.47,80.01,88,40,10.29,IN,1593572522
81,Carnarvon,-24.87,113.63,66.2,77,0,16.11,AU,1593572462
82,Chapleau,47.84,-83.4,66.81,73,100,1.59,CA,1593572677
83,Ponta do Sol,32.67,-17.1,71.6,64,40,10.29,PT,1593572678
84,Williston,48.15,-103.62,60.8,100,90,5.82,US,1593572678
85,São João da Barra,-21.64,-41.05,69.76,85,1,11.1,BR,1593572678
86,Onokhoy,51.93,108.07,78.8,41,20,6.71,RU,1593572679
87,Jamestown,42.1,-79.24,66.2,77,1,4.7,US,1593572532
88,Alcúdia,39.85,3.12,75.2,53,0,5.82,ES,1593572679
89,San Vicente,-26.62,-54.13,47.75,93,89,5.59,AR,1593572416
90,Sabancuy,18.97,-91.18,82.09,84,5,5.21,MX,1593572680
91,Thompson,55.74,-97.86,66.2,72,40,12.75,CA,1593572680
92,Nishihara,26.18,127.76,86.0,79,90,26.4,JP,1593572478
93,Ixtapa,20.7,-105.2,84.2,74,75,6.93,MX,1593572681
94,Qaqortoq,60.72,-46.03,44.6,75,97,11.41,GL,1593572681
95,Fare,-16.7,-151.02,78.76,71,3,23.04,PF,1593572682
96,Hamilton,39.18,-84.53,75.2,100,1,4.7,US,1593572404
97,High Level,58.52,-117.14,71.6,53,75,9.17,CA,1593572682
98,Rafai,4.95,23.92,68.97,95,100,2.21,CF,1593572683
99,Beloha,-25.17,45.05,59.79,87,7,6.53,MG,1593572545
100,Padang,-0.95,100.35,85.35,55,19,2.53,ID,1593572658
101,Zmeinogorsk,51.16,82.19,66.4,68,100,11.03,RU,1593572684
102,Florianópolis,-27.61,-48.5,68.0,55,0,19.46,BR,1593572685
103,Kenai,60.55,-151.26,66.2,34,1,8.05,US,1593572686
104,Shakawe,-18.37,21.85,46.85,50,0,4.85,BW,1593572686
105,Lagoa,39.05,-27.98,64.11,87,93,9.91,PT,1593572686
106,Weatherford,32.76,-97.8,84.99,74,82,5.01,US,1593572511
107,Ribeira Grande,38.52,-28.7,66.58,94,66,8.32,PT,1593572687
108,Mitsamiouli,-11.38,43.28,77.4,72,45,18.9,KM,1593572688
109,Codrington,-38.27,141.97,59.79,57,0,19.66,AU,1593572688
110,Yellowknife,62.46,-114.35,80.01,31,20,6.93,CA,1593572688
111,Saldanha,-33.01,17.94,48.2,87,0,1.12,ZA,1593572689
112,Almaty,43.25,76.95,71.6,60,75,2.24,KZ,1593572659
113,Hobart,-42.88,147.33,55.4,62,20,3.36,AU,1593572456
114,Arraial do Cabo,-22.97,-42.03,71.6,83,99,11.41,BR,1593572518
115,Pacific Grove,36.62,-121.92,61.0,82,90,9.17,US,1593572690
116,Verkhnyaya Toyma,62.23,45.0,55.24,64,94,11.95,RU,1593572690
117,Zhuhai,22.28,113.57,93.0,79,20,3.36,CN,1593572480
118,Inhambane,-23.86,35.38,65.26,79,22,9.8,MZ,1593572691
119,Paamiut,61.99,-49.67,39.74,95,100,2.98,GL,1593572691
120,Iqaluit,63.75,-68.51,39.2,80,20,2.24,CA,1593572485
121,Pevek,69.7,170.31,37.92,86,100,11.43,RU,1593572692
122,Dunedin,-45.87,170.5,44.01,82,100,3.0,NZ,1593572449
123,Lumbia,8.4,124.59,78.12,81,94,1.14,PH,1593572686
124,Porto Velho,-8.76,-63.9,75.2,94,78,1.12,BR,1593572693
125,Tautira,-17.73,-149.15,82.4,54,20,9.17,PF,1593572694
126,Caucayá,-0.19,-74.78,72.41,94,0,2.35,CO,1593572694
127,Barrow,71.29,-156.79,37.4,93,90,11.41,US,1593572694
128,Kroya,-7.63,109.25,83.39,69,37,9.57,ID,1593572419
129,São Félix do Xingu,-6.64,-51.99,73.02,73,40,1.57,BR,1593572520
130,Noyabrsk,63.2,75.45,53.82,73,100,3.87,RU,1593572645
131,Schwerin,53.63,11.41,55.99,95,99,4.0,DE,1593572696
132,Praia,14.92,-23.51,77.0,65,75,10.29,CV,1593572696
133,Ransang,8.96,117.58,86.88,65,3,2.33,PH,1593572696
134,Ariano Irpino,41.15,15.08,70.0,74,0,2.91,IT,1593572697
135,East London,-33.02,27.91,57.52,71,0,10.83,ZA,1593572492
136,Cidreira,-30.18,-50.21,57.94,72,36,27.87,BR,1593572697
137,Dubna,56.73,37.17,56.88,96,45,4.79,RU,1593572698
138,Chimoio,-19.12,33.48,53.6,100,20,6.93,MZ,1593572546
139,Kortkeros,61.81,51.58,50.0,87,100,4.47,RU,1593572481
140,Marzuq,14.4,46.47,80.17,49,100,7.38,YE,1593572699
141,Erenhot,43.65,111.98,80.47,30,30,5.03,CN,1593572699
142,Ous,60.91,61.52,53.06,54,100,3.87,RU,1593572699
143,Hanmer Springs,-42.52,172.82,36.81,84,100,4.76,NZ,1593572700
144,Salym,60.06,71.48,51.75,95,100,7.18,RU,1593572700
145,Bétaré Oya,5.6,14.08,64.81,95,92,1.54,CM,1593572701
146,Williams Lake,52.14,-122.14,59.0,58,75,6.93,CA,1593572701
147,Huarmey,-10.07,-78.15,60.57,85,57,7.94,PE,1593572545
148,Severo-Kuril'sk,50.68,156.12,51.8,69,5,8.81,RU,1593572702
149,Viedma,-40.81,-63.0,40.68,90,37,3.22,AR,1593572702
150,Ketchikan,55.34,-131.65,62.6,59,1,17.22,US,1593572435
151,Lloydminster,53.28,-110.0,59.0,100,90,9.17,CA,1593572703
152,Porto Belo,-27.16,-48.55,68.0,93,40,4.7,BR,1593572704
153,Altay,47.87,88.12,64.24,52,2,4.56,CN,1593572704
154,Port Hawkesbury,45.62,-61.35,62.6,93,90,3.36,CA,1593572704
155,Bealanana,-14.55,48.73,50.27,65,0,3.51,MG,1593572705
156,Burns Lake,54.23,-125.75,61.61,60,100,4.65,CA,1593572705
157,Saint Paul Harbor,57.79,-152.41,60.8,59,1,5.82,US,1593572705
158,Petropavlovsk-Kamchatskiy,53.05,158.65,75.2,41,36,4.47,RU,1593572706
159,Clyde River,70.47,-68.59,33.8,100,90,4.7,CA,1593572706
160,Bambanglipuro,-7.95,110.28,83.03,71,36,13.49,ID,1593572706
161,Paita,-5.09,-81.11,64.27,83,0,12.15,PE,1593572499
162,Sur,22.57,59.53,83.3,76,57,12.68,OM,1593572707
163,Kavieng,-2.57,150.8,84.42,72,30,9.51,PG,1593572707
164,Goderich,43.75,-81.72,72.0,74,0,9.1,CA,1593572708
165,Saint George,37.1,-113.58,87.8,9,1,8.05,US,1593572708
166,Ust-Tsilma,65.44,52.15,56.71,54,100,9.28,RU,1593572708
167,Hithadhoo,-0.6,73.08,83.84,65,97,2.08,MV,1593572709
168,Estelle,29.85,-90.11,84.99,88,75,5.82,US,1593572709
169,Flinders,-34.58,150.86,71.01,53,44,15.99,AU,1593572709
170,Pitimbu,-7.47,-34.81,76.48,81,31,8.7,BR,1593572710
171,Verkhoyansk,67.54,133.38,77.5,28,36,7.94,RU,1593572479
172,Nome,64.5,-165.41,48.2,87,90,10.29,US,1593572710
173,Bayan,46.08,127.4,80.38,50,0,5.48,CN,1593572522
174,Banda Aceh,5.56,95.32,84.22,68,88,3.85,ID,1593572533
175,Piaçabuçu,-10.41,-36.43,73.71,76,8,8.05,BR,1593572711
176,Catabola,-12.15,17.28,48.18,51,56,4.16,AO,1593572712
177,Santa Cruz de la Sierra,-17.8,-63.17,68.0,88,75,8.05,BO,1593572460
178,Nikolskoye,59.7,30.79,60.01,82,40,13.42,RU,1593572712
179,Provideniya,64.38,-173.3,46.4,87,90,11.18,RU,1593572713
180,Nuoro,40.32,9.33,73.4,100,5,3.36,IT,1593572488
181,Panjāb,34.39,67.02,62.04,48,87,2.51,AF,1593572714
182,Irbit,57.67,63.07,51.58,73,100,4.94,RU,1593572714
183,Samarai,-10.62,150.67,78.39,84,94,18.34,PG,1593572715
184,Rayevskaya,44.83,37.56,66.2,93,40,6.71,RU,1593572715
185,Khatanga,71.97,102.5,76.3,37,37,3.58,RU,1593572715
186,Sovetskaya Gavan',48.97,140.29,58.05,75,11,10.78,RU,1593572716
187,Khovd,48.01,91.64,61.72,52,98,8.55,MN,1593572716
188,Onega,63.91,38.14,57.42,71,92,12.17,RU,1593572717
189,Santo Antônio do Leverger,-15.87,-56.08,73.4,64,100,6.93,BR,1593572717
190,Lüderitz,-26.65,15.16,60.8,23,0,5.82,NA,1593572717
191,Santarém,-2.44,-54.71,80.6,83,75,8.05,BR,1593572519
192,Kahului,20.89,-156.47,89.6,43,20,23.04,US,1593572534
193,Ahipara,-35.17,173.17,55.98,75,25,14.58,NZ,1593572718
194,Araouane,18.9,-3.53,84.65,50,35,20.33,ML,1593572719
195,Kautokeino,69.01,23.04,40.78,89,100,16.58,NO,1593572719
196,Bengkulu,-3.8,102.27,84.42,59,45,1.19,ID,1593572476
197,Te Anau,-45.42,167.72,42.42,73,52,3.0,NZ,1593572465
198,Benalla,-36.55,145.98,60.01,67,90,14.99,AU,1593572720
199,Beyneu,45.32,55.2,73.54,39,12,12.17,KZ,1593572720
200,Hong Kong,22.29,114.16,88.0,86,100,5.99,HK,1593572446
201,Olafsvik,64.89,-23.71,49.87,83,51,6.93,IS,1593572723
202,Lebu,-37.62,-73.65,51.31,92,100,24.16,CL,1593572723
203,Kruisfontein,-34.0,24.73,54.63,52,0,10.69,ZA,1593572724
204,Buala,-8.14,159.59,83.77,73,54,7.43,SB,1593572724
205,Bathsheba,13.22,-59.52,80.6,83,40,12.75,BB,1593572724
206,Puerto Baquerizo Moreno,-0.9,-89.6,70.32,86,81,11.74,EC,1593572725
207,Bethel,41.37,-73.41,64.99,96,46,2.17,US,1593572726
208,Kailua,21.4,-157.74,87.8,62,75,12.75,US,1593572669
209,Kadoma,34.73,135.58,82.4,69,75,11.41,JP,1593572653
210,Sretensk,52.25,117.71,83.7,28,82,3.44,RU,1593572727
211,Dikson,73.51,80.55,43.11,94,9,16.46,RU,1593572727
212,Verkhovazh'ye,60.75,42.05,52.18,88,100,9.51,RU,1593572728
213,Mahébourg,-20.41,57.7,62.6,93,40,4.7,MU,1593572728
214,Edéia,-17.34,-49.93,65.39,64,88,5.77,BR,1593572728
215,Otradnoye,59.78,30.82,60.01,82,40,13.42,RU,1593572729
216,Shenjiamen,29.96,122.3,75.49,75,77,9.93,CN,1593572521
217,Garoowe,8.41,48.48,78.89,61,99,24.85,SO,1593572730
218,Marystown,47.17,-55.15,60.87,97,100,13.51,CA,1593572730
219,Springbok,-29.66,17.89,49.51,44,0,7.07,ZA,1593572450
220,Española,35.99,-106.08,71.6,12,1,6.93,US,1593572731
221,Sampit,-2.53,112.95,87.19,60,14,4.34,ID,1593572464
222,Pivdenne,49.88,36.07,68.0,88,75,6.71,UA,1593572731
223,Vestmannaeyjar,63.44,-20.27,49.05,85,100,11.86,IS,1593572732
224,Neyshabur,36.21,58.8,74.98,20,26,1.36,IR,1593572502
225,Tasiilaq,65.61,-37.64,46.4,45,100,14.99,GL,1593572732
226,Gizo Government Station,-8.1,156.84,83.37,70,61,2.98,SB,1593572733
227,Coquimbo,-29.95,-71.34,51.8,87,95,6.93,CL,1593572733
228,Swellendam,-34.02,20.44,48.2,93,0,4.7,ZA,1593572733
229,Morondava,-20.28,44.28,67.68,62,0,13.44,MG,1593572545
230,Maragogi,-9.01,-35.22,74.89,85,2,7.47,BR,1593572734
231,Agirish,61.92,63.02,53.73,53,100,3.13,RU,1593572734
232,Jérémie,18.65,-74.12,80.44,73,21,0.2,HT,1593572735
233,Broome,42.25,-75.83,64.99,93,1,6.93,US,1593572735
234,Lal'sk,60.74,47.59,52.75,69,47,8.75,RU,1593572735
235,Katsuura,35.13,140.3,79.0,94,75,19.46,JP,1593572667
236,Hukuntsi,-24.0,21.75,47.28,52,0,10.07,BW,1593572736
237,Yepifan',53.83,38.55,61.2,95,97,9.8,RU,1593572709
238,Hofn,64.25,-15.21,43.47,78,71,2.91,IS,1593572737
239,Tiksi,71.69,128.87,51.93,54,97,10.27,RU,1593572737
240,Sinnamary,5.38,-52.95,78.04,87,100,8.79,GF,1593572737
241,Najrān,17.49,44.13,77.0,32,72,3.36,SA,1593572738
242,Takoradze,4.88,-1.76,75.25,83,67,5.77,GH,1593572547
243,Fortuna,40.6,-124.16,59.0,76,75,16.11,US,1593572738
244,Gannan,47.91,123.5,83.71,38,100,5.66,CN,1593572739
245,Bacsay,15.65,120.33,87.8,62,75,9.17,PH,1593572739
246,Putina,-15.47,-69.43,41.34,59,0,3.33,PE,1593572740
247,Bay Roberts,47.6,-53.26,66.99,1,100,14.81,CA,1593572740
248,Sault Ste. Marie,46.52,-84.33,78.8,54,1,3.36,CA,1593572494
249,Mount Gambier,-37.83,140.77,59.0,58,40,14.99,AU,1593572484
250,Muros,42.78,-9.06,64.0,92,75,1.1,ES,1593572741
251,Dhone,15.42,77.88,79.75,75,97,12.71,IN,1593572496
252,Mogadishu,2.04,45.34,78.39,79,98,17.65,SO,1593572539
253,Ginda,30.69,78.49,78.8,83,75,4.09,IN,1593572743
254,Buenos Aires,-34.61,-58.38,50.0,81,90,9.17,AR,1593572623
255,La Palma,33.85,-118.05,71.01,60,1,11.41,US,1593572744
256,Pontianak,-0.03,109.33,86.67,61,36,3.85,ID,1593572683
257,Rocha,-34.48,-54.33,52.07,90,100,33.69,UY,1593572745
258,Balkhash,46.84,74.98,77.72,31,100,9.4,KZ,1593572746
259,Boguchany,58.38,97.45,78.73,45,12,5.64,RU,1593572746
260,Srandakan,-7.94,110.25,83.05,71,35,13.29,ID,1593572533
261,Al Bardīyah,31.76,25.09,71.87,89,0,16.93,LY,1593572747
262,Tessalit,20.2,1.01,80.29,50,0,7.18,ML,1593572747
263,Lithakia,37.72,20.83,66.2,68,0,4.45,GR,1593572748
264,Los Llanos de Aridane,28.66,-17.92,69.8,88,90,13.87,ES,1593572748
265,Tilichiki,60.47,166.1,56.14,39,4,18.7,RU,1593572748
266,Hammond,41.58,-87.5,77.0,100,1,8.88,US,1593572749
267,Albanel,48.88,-72.45,66.2,82,20,2.24,CA,1593572749
268,Port Hardy,50.7,-127.42,57.2,71,75,12.75,CA,1593572750
269,Requena,39.49,-1.1,64.0,77,0,2.46,ES,1593572513
270,Rāwah,34.48,41.91,77.47,48,0,15.3,IQ,1593572750
271,Airai,-8.93,125.41,70.9,57,7,4.21,TL,1593572751
272,Kidal,18.44,1.41,78.37,57,68,6.93,ML,1593572751
273,Puri,19.8,85.85,84.2,83,40,4.7,IN,1593572751
274,Saskylakh,71.92,114.08,84.81,35,98,7.94,RU,1593572752
275,Mar del Plata,-38.0,-57.56,48.99,70,90,20.8,AR,1593572484
276,Coyhaique,-45.58,-72.07,35.6,87,90,4.7,CL,1593572752
277,Isiro,2.77,27.62,66.42,98,100,0.85,CD,1593572753
278,Road Town,18.42,-64.62,82.99,85,17,18.99,VG,1593572753
279,Saltillo,25.42,-101.0,73.4,43,5,6.29,MX,1593572754
280,Luba,3.46,8.55,75.2,100,20,4.63,GQ,1593572754
281,Arrondissement de Dieppe,49.75,1.17,64.4,82,78,9.17,FR,1593572755
282,Usinsk,65.99,57.53,50.7,68,100,14.18,RU,1593572541
283,Esso,55.93,158.7,59.77,70,96,2.98,RU,1593572755
284,Shaowu,27.34,117.48,76.55,91,100,1.72,CN,1593572685
285,Saint-Augustin,51.23,-58.65,67.26,74,0,11.97,CA,1593572756
286,Prieska,-29.66,22.75,42.37,61,0,2.37,ZA,1593572757
287,Nhulunbuy,-12.23,136.77,82.4,58,75,13.87,AU,1593572757
288,Esperance,-33.87,121.9,51.8,93,75,18.34,AU,1593572758
289,Beisfjord,68.38,17.6,46.4,81,100,8.05,NO,1593572758
290,Vardø,70.37,31.11,46.4,93,75,13.87,NO,1593572759
291,San Patricio,19.22,-104.7,80.44,79,91,6.87,MX,1593572760
292,Fes,34.04,-5.0,68.0,68,0,10.29,MA,1593572490
293,Leningradskiy,69.38,178.42,35.98,95,95,4.36,RU,1593572761
294,Baharly,38.44,57.43,83.05,24,0,7.94,TM,1593572526
295,Faanui,-16.48,-151.75,77.92,75,12,24.67,PF,1593572762
296,Mehamn,71.04,27.85,42.75,92,100,23.06,NO,1593572762
297,Lomovka,53.92,58.37,53.6,62,38,8.95,RU,1593572763
298,Itārsi,22.62,77.75,87.91,60,0,7.14,IN,1593572497
299,Svetlaya,46.54,138.33,64.98,61,0,6.17,RU,1593572765
300,Altamont,42.21,-121.74,69.8,30,1,14.99,US,1593572766
301,Juneau,58.3,-134.42,60.8,59,90,5.82,US,1593572493
302,Honiara,-9.43,159.95,87.8,70,20,9.17,SB,1593572731
303,Salgar,5.96,-75.97,60.8,100,75,2.24,CO,1593572767
304,Leshukonskoye,64.9,45.76,56.1,61,65,12.93,RU,1593572767
305,Vostok,46.49,135.88,74.37,41,0,6.31,RU,1593572607
306,Broken Hill,-31.95,141.43,68.0,24,0,17.22,AU,1593572523
307,Kloulklubed,7.04,134.26,84.2,74,75,6.93,PW,1593572768
308,Kohtla-Järve,59.4,27.27,58.8,81,100,19.19,EE,1593572535
309,Nizwá,22.93,57.53,87.44,47,3,2.28,OM,1593572769
310,Lancaster,40.25,-76.25,73.4,69,1,3.36,US,1593572770
311,Ziro,27.63,93.83,67.01,94,65,0.29,IN,1593572485
312,San Isidro,-12.12,-77.05,60.8,82,75,2.24,PE,1593572545
313,Biskamzha,53.45,89.53,70.25,59,70,5.91,RU,1593572553
314,San-Pédro,4.75,-6.64,75.16,80,93,3.56,CI,1593572772
315,Palencia,42.42,-4.5,68.0,87,0,1.99,ES,1593572492
316,Safford,32.83,-109.71,93.2,13,1,11.41,US,1593572772
317,São Filipe,14.9,-24.5,73.33,78,17,3.53,CV,1593572485
318,George Town,5.41,100.34,86.0,83,20,3.36,MY,1593572743
319,Mount Isa,-20.73,139.5,80.6,30,9,10.29,AU,1593572773
320,Mago,53.25,140.18,51.03,92,100,3.38,RU,1593572774
321,Severo-Yeniseyskiy,60.37,93.04,77.23,39,73,0.83,RU,1593572774
322,Bereket,39.24,55.52,79.92,27,0,5.28,TM,1593572774
323,Lompoc,34.64,-120.46,62.6,72,0,13.87,US,1593572775
324,The Valley,18.22,-63.06,84.2,74,20,9.17,AI,1593572775
325,Barranca,-10.75,-77.77,58.57,90,90,6.8,PE,1593572775
326,Ushtobe,45.25,77.98,82.26,17,28,6.11,KZ,1593572776
327,Uarini,-2.99,-65.11,73.72,96,91,0.96,BR,1593572776
328,Kanigiri,15.4,79.52,84.99,66,86,10.87,IN,1593572776
329,Tura,25.52,90.22,83.34,78,0,5.26,IN,1593572496
330,Harper,4.38,-7.72,75.58,78,100,3.85,LR,1593572507
331,São Francisco de Paula,-29.45,-50.58,59.0,73,91,7.0,BR,1593572777
332,Salalah,17.02,54.09,84.2,89,90,5.82,OM,1593572778
333,San Luis,-33.3,-66.34,37.13,80,80,3.85,AR,1593572778
334,Bahār,34.91,48.44,68.27,32,0,3.78,IR,1593572778
335,Dīg,27.47,77.33,97.7,37,6,8.97,IN,1593572498
336,Oddur,4.12,43.89,71.06,75,87,21.12,SO,1593572779
337,Aklavik,68.22,-135.01,59.0,67,75,13.87,CA,1593572780
338,Jalu,29.03,21.55,73.47,39,0,6.11,LY,1593572781
339,Jiujiang,29.73,115.98,85.42,74,100,5.32,CN,1593572486
340,Barguzin,53.62,109.62,79.11,45,30,1.61,RU,1593572781
341,Omboué,-1.57,9.26,69.93,87,46,1.9,GA,1593572782
342,St. George's,12.06,-61.75,80.6,88,20,5.82,GD,1593572526
343,Kavaratti,10.57,72.64,83.7,76,100,13.69,IN,1593572488
344,Taoudenni,22.68,-3.98,92.25,11,0,8.1,ML,1593572783
345,Vao,-22.67,167.48,67.73,68,10,18.25,NC,1593572783
346,Atar,20.52,-13.05,88.99,40,0,12.39,MR,1593572783
347,Fallon,39.47,-118.78,82.4,14,20,5.82,US,1593572785
348,Tabuk,17.42,121.44,86.76,68,99,4.88,PH,1593572785
349,Tarija,-21.54,-64.73,42.84,73,34,5.64,BO,1593572786
350,Narsaq,60.92,-46.05,44.6,75,97,11.41,GL,1593572786
351,Cap Malheureux,-19.98,57.61,66.99,80,9,3.0,MU,1593572786
352,San Rafael,-34.62,-68.33,43.12,68,100,2.66,AR,1593572787
353,Sukhobezvodnoye,57.05,44.89,52.41,72,100,10.09,RU,1593572787
354,Muroto-misakicho,33.28,134.15,78.8,74,20,10.29,JP,1593572516
355,Vychegodskiy,61.25,46.9,54.0,65,78,9.93,RU,1593572788
356,Mishan,45.55,131.88,77.47,57,0,6.62,CN,1593572789
357,Xining,36.62,101.77,64.24,58,79,2.33,CN,1593572589
358,Burgeo,47.62,-57.62,60.17,95,100,5.21,CA,1593572789
359,Boca do Acre,-8.75,-67.4,72.82,69,0,1.23,BR,1593572790
360,Knesselare,51.13,3.46,63.0,100,100,4.0,BE,1593572790
361,Lianzhou,24.78,112.38,91.13,63,100,1.68,CN,1593572791
362,Chifeng,42.27,118.96,77.31,48,90,5.82,CN,1593572791
363,Abū Zabad,12.35,29.25,79.68,56,47,11.21,SD,1593572492
364,Tommot,58.96,126.29,84.92,31,0,6.96,RU,1593572528
365,Wamba,8.93,8.6,72.48,95,77,2.33,NG,1593572792
366,Bichura,50.59,107.6,73.87,53,23,8.97,RU,1593572792
367,Vestmanna,62.16,-7.17,42.8,81,97,8.05,FO,1593572793
368,Cortez,37.35,-108.59,62.6,21,1,5.82,US,1593572793
369,Marawi,8.0,124.29,75.18,73,89,1.48,PH,1593572795
370,Cabedelo,-6.98,-34.83,75.79,83,10,8.84,BR,1593572795
371,Anadyr,64.75,177.48,44.6,93,75,2.24,RU,1593572795
372,Zhaotong,27.32,103.72,69.71,69,98,2.13,CN,1593572796
373,Marsá Maţrūḩ,31.35,27.25,68.0,88,0,10.29,EG,1593572652
374,Palafrugell,41.92,3.16,72.0,50,0,7.54,ES,1593572796
375,Scottsbluff,41.87,-103.67,75.2,27,1,5.82,US,1593572797
376,Borzna,51.25,32.43,59.31,94,0,5.17,UA,1593572797
377,Clarence Town,-32.58,151.78,70.0,45,0,12.75,AU,1593572797
378,Koumac,-20.57,164.28,71.33,59,36,17.13,NC,1593572798
379,Port Lincoln,-34.73,135.87,63.23,61,0,28.63,AU,1593572798
380,Middlebury (village),44.02,-73.17,64.0,100,40,1.01,US,1593572798
381,Peniche,39.36,-9.38,66.0,89,25,8.99,PT,1593572505
382,Bantry,51.68,-9.45,51.8,87,75,8.05,IE,1593572799
383,Fukuechō,32.69,128.84,75.2,64,75,8.05,JP,1593572799
384,Coahuayana Viejo,18.73,-103.68,78.8,80,70,1.36,MX,1593572800
385,Skerries,53.58,-6.11,55.0,100,75,4.7,IE,1593572801
386,Chokurdakh,70.63,147.92,61.18,30,13,10.0,RU,1593572801
387,Macamic,48.75,-79.0,71.6,68,20,2.24,CA,1593572801
388,Ueno-ebisumachi,34.75,136.13,82.99,65,20,16.11,JP,1593572802
389,Nizhniy Tsasuchey,50.52,115.13,71.4,59,98,4.52,RU,1593572802
390,Khorramshahr,30.44,48.17,80.6,54,0,2.24,IR,1593572802
391,Buin,-33.73,-70.75,50.0,76,75,8.05,CL,1593572529
392,Sterling,39.01,-77.43,79.0,69,75,0.67,US,1593572803
393,Namatanai,-3.67,152.43,85.1,67,71,6.22,PG,1593572803
394,Smithers,54.78,-127.17,64.4,55,75,11.41,CA,1593572804
395,Dudinka,69.41,86.18,59.0,77,75,22.37,RU,1593572804
396,Sangar,63.92,127.47,77.29,41,76,4.38,RU,1593572526
397,Wembley,-31.93,115.8,61.0,67,75,9.17,AU,1593572805
398,Bang Mun Nak,16.03,100.38,90.0,56,87,5.91,TH,1593572805
399,Rancho Palos Verdes,33.74,-118.39,66.0,88,0,5.01,US,1593572606
400,Agnibilékrou,7.13,-3.2,70.77,96,100,3.42,CI,1593572806
401,Byron Bay,-28.65,153.62,70.0,52,0,2.24,AU,1593572806
402,Constitución,-35.33,-72.42,53.04,79,100,6.53,CL,1593572807
403,Ilebo,-4.32,20.58,69.76,84,54,2.08,CD,1593572807
404,Pathein,16.78,94.73,84.38,75,100,10.67,MM,1593572808
405,Henties Bay,-22.12,14.28,61.0,29,0,18.68,NA,1593572809
406,Poykovskiy,61.23,73.33,55.4,100,99,6.71,RU,1593572809
407,Pedtad,7.16,124.81,83.19,75,97,3.49,PH,1593572809
408,Dharampuri,22.17,75.35,88.05,64,20,6.26,IN,1593572810
409,Gravelbourg,49.88,-106.55,62.24,63,100,5.5,CA,1593572810
410,Zwedru,6.07,-8.13,69.17,98,96,0.83,LR,1593572810
411,Sol'vychegodsk,61.33,46.92,53.89,66,77,9.8,RU,1593572811
412,Zonguldak,41.25,31.83,60.8,87,0,4.7,TR,1593572811
413,Dodge City,37.75,-100.02,84.99,48,1,14.99,US,1593572812
414,College,64.86,-147.8,55.0,66,75,5.82,US,1593572812
415,Ouésso,1.61,16.05,68.94,96,79,2.04,CG,1593572812
416,Hastings,50.86,0.57,59.0,99,100,1.99,GB,1593572572
417,Berezniki,59.42,56.81,54.0,86,28,1.01,RU,1593572542
418,Buraidah,26.33,43.98,80.6,34,0,3.36,SA,1593572813
419,Palmer,42.16,-72.33,68.0,100,90,3.36,US,1593572814
420,Huilong,31.81,121.66,86.0,63,87,5.99,CN,1593572547
421,Ochakiv,46.61,31.55,68.0,82,0,8.95,UA,1593572814
422,Kupang,-10.17,123.58,86.0,51,40,10.29,ID,1593572662
423,Zvishavane,-20.33,30.07,47.39,94,12,3.83,ZW,1593572815
424,Cocoa,28.39,-80.74,84.0,69,1,5.39,US,1593572815
425,Wanning,18.8,110.4,85.73,72,100,6.91,CN,1593572816
426,Tiznit Province,29.58,-9.5,75.74,29,0,1.9,MA,1593572816
427,Malakal,9.53,31.66,76.37,73,100,2.93,SS,1593572816
428,Bahía Blanca,-38.72,-62.27,43.52,89,84,6.58,AR,1593572817
429,Labis,2.38,103.02,85.69,64,92,3.69,MY,1593572817
430,Zyryanovsk,49.74,84.27,66.51,60,88,1.34,KZ,1593572818
431,Kurchum,48.57,83.65,63.16,63,100,5.21,KZ,1593572818
432,Katima Mulilo,-17.5,24.27,44.6,65,0,5.73,NA,1593572819
433,Talara,-4.58,-81.27,66.06,81,0,15.77,PE,1593572545
434,Itarema,-2.92,-39.92,75.2,83,0,7.7,BR,1593572820
435,Sitka,57.05,-135.33,57.2,71,75,13.87,US,1593572821
436,Maceió,-9.67,-35.74,71.6,94,40,2.24,BR,1593572821
437,Cuamba,-14.8,36.54,56.64,88,0,6.85,MZ,1593572822
438,Vila Franca do Campo,37.72,-25.43,66.99,88,75,3.36,PT,1593572822
439,Lastoursville,-0.81,12.73,71.89,94,100,1.81,GA,1593572822
440,El Dorado,33.21,-92.67,80.6,83,1,4.7,US,1593572532
441,Kaliua,-5.06,31.79,64.69,59,74,4.63,TZ,1593572823
442,Suzun,53.78,82.31,71.04,68,100,4.97,RU,1593572541
443,Sumbe,-11.21,13.84,68.77,87,47,1.92,AO,1593572824
444,Tual,-5.67,132.75,79.7,82,36,21.18,ID,1593572824
445,Vanavara,60.34,102.28,77.02,44,0,7.99,RU,1593572824
446,Mayo,38.89,-76.51,78.01,78,90,6.93,US,1593572825
447,Bilma,18.69,12.92,82.49,14,0,2.64,NE,1593572825
448,Praia,14.92,-23.51,77.0,65,75,10.29,CV,1593572825
449,Altamira,-3.2,-52.21,71.78,94,98,1.97,BR,1593572826
450,San Cristobal,7.77,-72.22,65.64,83,15,2.26,VE,1593572826
451,Torbay,47.67,-52.73,66.99,100,90,21.92,CA,1593572826
452,Benito Juarez,19.39,-99.17,69.8,56,75,6.35,MX,1593572827
453,Gaffney,35.07,-81.65,72.0,93,44,1.3,US,1593572545
454,Kokkola,63.84,23.13,57.2,93,75,8.05,FI,1593572538
455,Concord,37.98,-122.03,80.01,39,1,11.41,US,1593572828
456,Alofi,-19.06,-169.92,82.4,83,75,10.29,NU,1593572830
457,Bāfq,31.61,55.41,83.34,18,0,1.34,IR,1593572830
458,Gigmoto,13.78,124.39,84.79,76,100,7.74,PH,1593572830
459,Charters Towers,-20.1,146.27,71.87,59,89,13.31,AU,1593572831
460,Concepción del Uruguay,-32.48,-58.24,50.0,92,100,10.0,AR,1593572538
461,Coxim,-18.51,-54.76,77.9,47,100,3.29,BR,1593572832
462,Seddon,-37.81,144.89,64.0,62,0,19.46,AU,1593572832
463,Watsa,3.04,29.54,63.41,99,100,2.26,CD,1593572833
464,Arman',59.7,150.17,58.71,51,100,6.98,RU,1593572833
465,Manadhoo,5.77,73.38,83.32,77,68,9.95,MV,1593572833
466,‘Āhuimanu,21.44,-157.84,87.8,62,75,12.75,US,1593572834
467,At-Bashi,41.17,75.81,57.04,55,98,2.15,KG,1593572835
468,Gilgit,35.92,74.31,78.31,30,32,2.08,PK,1593572835
469,Kirakira,-10.45,161.92,81.75,78,30,10.98,SB,1593572835
470,Lorengau,-2.02,147.27,85.84,64,54,6.55,PG,1593572836
471,Alta Floresta,-9.88,-56.09,70.48,71,0,0.72,BR,1593572836
472,Itacoatiara,-3.14,-58.44,75.7,86,0,2.86,BR,1593572836
473,Pangnirtung,66.15,-65.71,45.43,62,35,2.35,CA,1593572837
474,Joué-lès-Tours,47.35,0.67,64.4,82,90,5.82,FR,1593572837
475,Cabo San Lucas,22.89,-109.91,78.01,88,40,3.36,MX,1593572837
476,Makakilo City,21.35,-158.09,87.8,55,1,11.41,US,1593572838
477,Eston,51.15,-108.75,63.0,100,75,8.05,CA,1593572838
478,Ormara,25.21,64.64,85.55,74,10,6.82,PK,1593572838
479,Merauke,-8.47,140.33,80.02,73,98,14.45,ID,1593572639
480,Waipawa,-41.41,175.52,48.2,70,100,38.03,NZ,1593572839
481,Sørland,67.67,12.69,45.64,81,60,21.61,NO,1593572841
482,Zawiercie,50.49,19.42,57.0,87,27,1.12,PL,1593572841
483,Macon,39.87,-88.97,73.0,94,1,4.97,US,1593572841
484,Marabba,12.35,32.18,82.8,56,69,15.59,SD,1593572842
485,Jardim,-21.48,-56.14,63.28,71,74,11.7,BR,1593572842
486,Bourail,-21.57,165.48,71.31,49,30,12.39,NC,1593572842
487,Dhārchula,29.85,80.53,75.02,67,74,3.33,IN,1593572843
488,Berkeley,37.87,-122.27,72.0,72,20,9.17,US,1593572843
489,Balaipungut,1.05,101.28,85.17,63,98,4.07,ID,1593572843
490,Abu Dhabi,24.47,54.37,87.01,74,1,3.36,AE,1593572844
491,Solnechnyy,50.72,136.63,64.26,56,72,11.36,RU,1593572844
492,Laguna,38.42,-121.42,89.6,21,1,8.05,US,1593572844
493,Ngorongoro,-3.24,35.49,47.16,100,41,6.87,TZ,1593572845
494,Montluçon,46.33,2.6,57.0,97,2,1.01,FR,1593572845
495,Bad Reichenhall,47.73,12.88,62.6,82,0,3.36,DE,1593572845
496,Kaka,37.35,59.61,83.08,17,0,4.61,TM,1593572846
497,Vicuña,-30.03,-70.71,50.0,70,72,5.88,CL,1593572846
498,Mackay,-21.15,149.2,73.4,73,40,13.87,AU,1593572847
499,Neryungri,56.67,124.65,79.83,34,1,11.5,RU,1593572847
500,Beringovskiy,63.05,179.32,41.04,96,100,5.17,RU,1593572848
501,Oyotún,-6.85,-79.3,68.54,69,1,1.72,PE,1593572848
502,Geraldton,-28.77,114.6,62.6,82,90,14.99,AU,1593572848
503,Andenes,69.31,16.12,44.6,81,100,16.11,NO,1593572849
504,Tateyama,34.98,139.87,75.2,94,75,19.46,JP,1593572849
505,Miramar,25.99,-80.23,87.8,78,20,10.29,US,1593572849
506,Yafran,32.06,12.53,69.69,38,0,7.25,LY,1593572850
507,Mangan,27.52,88.53,82.35,53,66,2.37,IN,1593572850
508,Sanchazi,42.08,126.6,75.9,47,14,7.47,CN,1593572850
509,Caravelas,-17.71,-39.25,68.49,96,39,3.58,BR,1593572851
510,Springdale,36.19,-94.13,82.4,83,1,14.99,US,1593572851
511,Puquio,-14.7,-74.13,44.65,48,6,2.95,PE,1593572851
512,Lieksa,63.32,30.02,54.52,89,73,18.7,FI,1593572852
513,Sukhumi,43.0,41.02,69.87,78,3,4.0,GE,1593572842
514,Aksu,41.12,80.26,81.64,16,43,2.13,CN,1593572852
515,Farmington,36.73,-108.22,78.8,6,1,3.36,US,1593572853
516,Ordzhonīkīdze,52.44,61.74,53.17,79,36,10.27,KZ,1593572853
517,Apac,1.98,32.54,65.91,80,100,0.43,UG,1593572853
518,Ust-Nera,64.57,143.2,64.27,33,88,2.15,RU,1593572854
519,Esil,51.96,66.4,53.62,86,100,9.89,KZ,1593572854
520,Timizart,36.8,4.27,81.12,31,1,4.23,DZ,1593572854
521,Nantucket,41.28,-70.1,64.99,93,75,3.36,US,1593572855
522,Rincon,32.3,-81.24,80.6,69,90,10.29,US,1593572575
523,Hualmay,-11.1,-77.61,60.03,83,63,8.63,PE,1593572855
524,Yerbogachën,61.28,108.01,85.12,40,100,2.55,RU,1593572856
525,La Ronge,55.1,-105.28,57.2,93,90,10.29,CA,1593572856
526,Goldsboro,35.38,-77.99,73.4,94,40,6.02,US,1593572833
527,Lexington,37.99,-84.48,75.99,83,75,4.7,US,1593572857
528,Lavrentiya,65.58,-171.0,43.29,94,100,13.02,RU,1593572857
529,Naze,28.37,129.48,75.2,100,75,13.87,JP,1593572857
530,Kon Tum,14.35,108.0,73.42,90,100,3.36,VN,1593572830
531,Klaksvík,62.23,-6.59,42.8,81,100,8.05,FO,1593572858
532,Tabuny,52.78,78.79,76.24,51,100,10.33,RU,1593572859
533,Riviere-au-Renard,49.0,-64.4,60.8,93,20,2.24,CA,1593572859
534,Bolbec,49.57,0.47,64.4,88,88,12.75,FR,1593572860
535,Isangel,-19.55,169.27,75.2,57,75,9.17,VU,1593572860
536,Namtsy,62.72,129.67,78.8,34,7,4.47,RU,1593572860
537,Tocopilla,-22.09,-70.2,59.86,63,6,2.33,CL,1593572861
538,Ankazobe,-18.32,47.12,53.6,93,75,4.7,MG,1593572861
539,Hibbing,47.43,-92.94,77.0,73,1,9.17,US,1593572862
540,Gorontalo,0.54,123.06,83.25,77,84,5.06,ID,1593572862
541,Mersing,2.43,103.84,78.8,94,20,2.24,MY,1593572863
542,Koshurnikovo,54.17,93.3,74.71,65,95,1.59,RU,1593572863
543,Yangi Marg`ilon,40.43,71.72,78.8,29,23,4.7,UZ,1593572864
544,Mamakan,57.82,114.0,85.37,41,82,0.98,RU,1593572864
545,Lokosovo,61.13,74.82,53.74,86,100,7.58,RU,1593572753
546,Coaticook,45.13,-71.8,66.2,93,20,2.24,CA,1593572865
547,Moerai,-22.43,-151.33,72.59,72,0,19.77,PF,1593572865
548,Buchanan,5.88,-10.05,75.2,94,75,6.64,LR,1593572865
549,Province of Mantua,45.17,10.78,73.99,85,34,1.01,IT,1593572866
550,Petersburg,37.23,-77.4,73.99,88,1,4.16,US,1593572866
551,Montpellier,43.61,3.88,71.6,94,90,4.7,FR,1593572866
552,Palora,-1.7,-77.93,65.41,96,1,2.1,EC,1593572867
553,Los Andes,-32.83,-70.6,50.0,99,99,4.23,CL,1593572867
554,Karratha,-20.74,116.85,83.39,28,74,9.26,AU,1593572867
555,Aksarka,66.56,67.8,50.38,53,0,8.95,RU,1593572798
556,Dinghaicun,26.28,119.79,93.2,63,40,11.18,CN,1593572680
557,Charlotte,35.23,-80.84,75.0,88,75,3.36,US,1593572844
558,Ciudad Juárez,31.73,-106.48,91.4,15,40,11.41,MX,1593572869
559,Philadelphia,39.95,-75.16,77.0,57,75,4.7,US,1593572691
560,Narasannapeta,18.42,84.05,87.93,66,14,7.72,IN,1593572869
561,Binga,-17.62,27.34,56.19,69,0,1.32,ZW,1593572870
562,Port Macquarie,-31.43,152.92,68.0,42,0,3.0,AU,1593572705
563,Labuhan,-6.88,112.21,84.25,63,0,4.16,ID,1593572871
564,Mumford,5.26,-0.76,75.7,84,100,8.66,GH,1593572871
565,Portland,45.52,-122.68,64.99,48,75,13.87,US,1593572574
566,Linxia Chengguanzhen,35.6,103.21,66.49,54,89,2.95,CN,1593572872
567,High Rock,26.62,-78.28,83.84,71,2,10.0,BS,1593572873
568,Clifton,40.86,-74.16,72.0,78,20,2.1,US,1593572873
569,Kondinskoye,59.65,67.41,57.02,65,96,6.08,RU,1593572751
570,Tyukhtet,56.54,89.3,72.01,54,99,9.51,RU,1593572874
571,Dordrecht,51.81,4.67,63.0,94,100,4.0,NL,1593572874
572,Krasnyye Baki,57.13,45.16,52.45,72,100,10.02,RU,1593572874
